Name,Phone,Website,BillingCity,BillingCountry,Industry,Type
Ultra Consulting Group,+34 955041427,www.ultraconsultinggroup.com,Las Palmas,Spain,Telecommunications,Prospect
Digital Consulting S.L.,+34 991978519,www.digitalconsultingsl.com,Las Palmas,Spain,Financial Services,Prospect
Delta Systems Inc.,+34 943414416,www.deltasystemsinc.com,Córdoba,Spain,Retail,Prospect
Info Digital Corp.,+34 966781401,www.infodigitalcorp.com,Barcelona,Spain,Software,Partner
Global Group Group,+34 992311817,www.globalgroupgroup.com,Barcelona,Spain,Financial Services,Partner
Future Tech S.A.,+34 998946934,www.futuretechsa.com,Sevilla,Spain,Telecommunications,Customer
Ultra Enterprises,+34 985108985,www.ultraenterprises.com,Valladolid,Spain,Consulting,Partner
Delta Partners Corp.,+34 981768696,www.deltapartnerscorp.com,Alicante,Spain,Retail,Customer
Elite Corporation,+34 986455413,www.elitecorporation.com,Madrid,Spain,Financial Services,Partner
Digital Industries S.A.,+34 930889669,www.digitalindustriessa.com,Valencia,Spain,Telecommunications,Prospect
Digital Labs Group,+34 931317815,www.digitallabsgroup.com,Madrid,Spain,Technology,Partner
Digital Development,+34 923288649,www.digitaldevelopment.com,Gijón,Spain,Healthcare,Customer
Tech Studios S.A.,+34 930893588,www.techstudiossa.com,Zaragoza,Spain,Software,Partner
Ultra Development Corp.,+34 916996650,www.ultradevelopmentcorp.com,Vigo,Spain,Retail,Partner
Cyber Services Group,+34 911068523,www.cyberservicesgroup.com,Murcia,Spain,Software,Customer
System Consulting,+34 910340664,www.systemconsulting.com,Las Palmas,Spain,Consulting,Partner
Expert Industries Ltd.,+34 925048042,www.expertindustriesltd.com,Murcia,Spain,Financial Services,Customer
Cyber Consulting Group,+34 988481017,www.cyberconsultinggroup.com,Bilbao,Spain,IT Services,Customer
Prime Solutions Group,+34 932147580,www.primesolutionsgroup.com,Palma,Spain,Software,Prospect
Innovate Group S.L.,+34 977520127,www.innovategroupsl.com,Valladolid,Spain,Consulting,Partner
Delta Works S.A.,+34 990939134,www.deltaworkssa.com,Málaga,Spain,Technology,Partner
Innovate Corporation Inc.,+34 984282596,www.innovatecorporationinc.com,Palma,Spain,Software,Partner
Cloud Partners Corp.,+34 922582942,www.cloudpartnerscorp.com,Vigo,Spain,Manufacturing,Partner
Advanced Group S.A.,+34 990348316,www.advancedgroupsa.com,Bilbao,Spain,Financial Services,Partner
Web Works Corp.,+34 911157726,www.webworkscorp.com,Barcelona,Spain,Telecommunications,Customer
Digital Partners S.L.,+34 985202864,www.digitalpartnerssl.com,Alicante,Spain,Technology,Partner
Global Enterprises S.L.,+34 978458020,www.globalenterprisessl.com,Murcia,Spain,Consulting,Prospect
System Corporation,+34 980792276,www.systemcorporation.com,Las Palmas,Spain,Telecommunications,Customer
Advanced Studios Ltd.,+34 979171490,www.advancedstudiosltd.com,Zaragoza,Spain,Technology,Prospect
Mobile Technologies S.A.,+34 965813394,www.mobiletechnologiessa.com,Sevilla,Spain,Consulting,Customer
Cyber Industries Corp.,+34 989669341,www.cyberindustriescorp.com,Murcia,Spain,Manufacturing,Prospect
Beta Tech,+34 951348132,www.betatech.com,Las Palmas,Spain,Financial Services,Partner
Pro Group Ltd.,+34 959661585,www.progroupltd.com,Vigo,Spain,Software,Partner
Cyber Tech Corp.,+34 917841894,www.cybertechcorp.com,Málaga,Spain,Telecommunications,Prospect
Smart Group Inc.,+34 972472378,www.smartgroupinc.com,Málaga,Spain,IT Services,Prospect
Web Studios Group,+34 912130964,www.webstudiosgroup.com,Bilbao,Spain,Telecommunications,Prospect
Prime Technologies S.A.,+34 979905198,www.primetechnologiessa.com,Palma,Spain,Consulting,Partner
Ultra Development S.A.,+34 910875170,www.ultradevelopmentsa.com,Alicante,Spain,Retail,Partner
Web Technologies Corp.,+34 920751601,www.webtechnologiescorp.com,Barcelona,Spain,Telecommunications,Partner
Beta Group Ltd.,+34 971706955,www.betagroupltd.com,Palma,Spain,Healthcare,Partner
Expert Systems Ltd.,+34 959301004,www.expertsystemsltd.com,Málaga,Spain,Telecommunications,Prospect
Master Labs S.A.,+34 983399690,www.masterlabssa.com,Valladolid,Spain,Manufacturing,Customer
Alpha Enterprises Corp.,+34 986172778,www.alphaenterprisescorp.com,Sevilla,Spain,Retail,Customer
Elite Technologies S.L.,+34 922132774,www.elitetechnologiessl.com,Córdoba,Spain,Financial Services,Partner
Cloud Consulting Group,+34 997854845,www.cloudconsultinggroup.com,Madrid,Spain,Financial Services,Prospect
Future Systems Ltd.,+34 994354023,www.futuresystemsltd.com,Valencia,Spain,IT Services,Partner
Master Solutions Inc.,+34 931076535,www.mastersolutionsinc.com,Zaragoza,Spain,Retail,Partner
Prime Partners Corp.,+34 934552119,www.primepartnerscorp.com,Las Palmas,Spain,Healthcare,Partner
Pro Studios S.L.,+34 937464143,www.prostudiossl.com,Valencia,Spain,Telecommunications,Partner
Advanced Labs Ltd.,+34 972674434,www.advancedlabsltd.com,Las Palmas,Spain,Manufacturing,Prospect
Mega Group S.L.,+34 954544073,www.megagroupsl.com,Zaragoza,Spain,Retail,Partner
Web Technologies Group,+34 941172272,www.webtechnologiesgroup.com,Gijón,Spain,Healthcare,Prospect
Cloud Studios S.L.,+34 968923201,www.cloudstudiossl.com,Madrid,Spain,Healthcare,Partner
Future Enterprises Group,+34 944350873,www.futureenterprisesgroup.com,Bilbao,Spain,Technology,Customer
Web Works S.L.,+34 988401865,www.webworkssl.com,Las Palmas,Spain,Healthcare,Customer
Innovate Industries Group,+34 924653634,www.innovateindustriesgroup.com,Alicante,Spain,Healthcare,Prospect
Pro Group Group,+34 935370896,www.progroupgroup.com,Palma,Spain,Manufacturing,Partner
Cyber Studios Ltd.,+34 949832013,www.cyberstudiosltd.com,Málaga,Spain,Technology,Partner
Mega Consulting Ltd.,+34 935977043,www.megaconsultingltd.com,Córdoba,Spain,Technology,Partner
Beta Systems S.A.,+34 953675386,www.betasystemssa.com,Sevilla,Spain,Healthcare,Customer
Net Studios Ltd.,+34 969187050,www.netstudiosltd.com,Bilbao,Spain,Software,Partner
Smart Tech Group,+34 987253790,www.smarttechgroup.com,Bilbao,Spain,Technology,Partner
Beta Consulting Inc.,+34 964294577,www.betaconsultinginc.com,Córdoba,Spain,Software,Partner
Web Consulting Inc.,+34 982496503,www.webconsultinginc.com,Gijón,Spain,Manufacturing,Prospect
Future Labs S.L.,+34 920208939,www.futurelabssl.com,Bilbao,Spain,Technology,Customer
Software Enterprises,+34 983118964,www.softwareenterprises.com,Vigo,Spain,Healthcare,Prospect
Digital Consulting Ltd.,+34 940679247,www.digitalconsultingltd.com,Bilbao,Spain,IT Services,Customer
Alpha Technologies Inc.,+34 975373926,www.alphatechnologiesinc.com,Valladolid,Spain,Telecommunications,Partner
Mobile Development Group,+34 957444029,www.mobiledevelopmentgroup.com,Madrid,Spain,Retail,Customer
Mega Group Ltd.,+34 984450949,www.megagroupltd.com,Murcia,Spain,Financial Services,Prospect
Tech Solutions Group,+34 980732840,www.techsolutionsgroup.com,Palma,Spain,Consulting,Customer
Innovate Enterprises,+34 977194647,www.innovateenterprises.com,Valladolid,Spain,Healthcare,Partner
Innovate Tech S.L.,+34 932705447,www.innovatetechsl.com,Murcia,Spain,Telecommunications,Partner
Future Corporation Group,+34 972031610,www.futurecorporationgroup.com,Barcelona,Spain,Telecommunications,Prospect
Prime Industries Group,+34 999352898,www.primeindustriesgroup.com,Vigo,Spain,IT Services,Prospect
Pro Services,+34 979581706,www.proservices.com,Vigo,Spain,IT Services,Partner
Alpha Corporation Corp.,+34 941770568,www.alphacorporationcorp.com,Madrid,Spain,Retail,Partner
Web Solutions Inc.,+34 999882424,www.websolutionsinc.com,Málaga,Spain,Financial Services,Customer
Web Technologies Inc.,+34 993114583,www.webtechnologiesinc.com,Valladolid,Spain,Retail,Prospect
Smart Tech S.A.,+34 990622543,www.smarttechsa.com,Madrid,Spain,Retail,Partner
Cloud Enterprises S.L.,+34 999057292,www.cloudenterprisessl.com,Alicante,Spain,Consulting,Prospect
Advanced Services Ltd.,+34 940781301,www.advancedservicesltd.com,Córdoba,Spain,Financial Services,Prospect
Advanced Systems Corp.,+34 943302802,www.advancedsystemscorp.com,Murcia,Spain,Software,Customer
Cloud Dynamics S.A.,+34 984029473,www.clouddynamicssa.com,Bilbao,Spain,IT Services,Customer
System Systems Ltd.,+34 956479970,www.systemsystemsltd.com,Vigo,Spain,Consulting,Customer
Expert Enterprises Group,+34 969371474,www.expertenterprisesgroup.com,Zaragoza,Spain,IT Services,Prospect
Software Dynamics Group,+34 930497991,www.softwaredynamicsgroup.com,Vigo,Spain,Software,Customer
Smart Tech S.L.,+34 984134988,www.smarttechsl.com,Córdoba,Spain,Technology,Prospect
Net Tech S.L.,+34 994170021,www.nettechsl.com,Valencia,Spain,Healthcare,Prospect
Mobile Technologies S.A.,+34 968237288,www.mobiletechnologiessa.com,Zaragoza,Spain,Technology,Partner
Ultra Corporation,+34 977262034,www.ultracorporation.com,Málaga,Spain,Consulting,Customer
Global Corporation,+34 969564875,www.globalcorporation.com,Vigo,Spain,Technology,Customer
Data Enterprises,+34 966808279,www.dataenterprises.com,Gijón,Spain,Healthcare,Customer
Master Works Group,+34 916172604,www.masterworksgroup.com,Murcia,Spain,Retail,Prospect
Master Technologies S.A.,+34 921267741,www.mastertechnologiessa.com,Málaga,Spain,Retail,Prospect
Delta Labs,+34 934554412,www.deltalabs.com,Alicante,Spain,Software,Prospect
Pro Development S.A.,+34 911933937,www.prodevelopmentsa.com,Madrid,Spain,Telecommunications,Customer
Prime Development,+34 978505188,www.primedevelopment.com,Valencia,Spain,Consulting,Customer
Pro Industries S.A.,+34 912505972,www.proindustriessa.com,Bilbao,Spain,Software,Prospect
Ultra Enterprises Corp.,+34 933491989,www.ultraenterprisescorp.com,Palma,Spain,Telecommunications,Prospect
Pro Services S.L.,+34 996324079,www.proservicessl.com,Zaragoza,Spain,Financial Services,Prospect
Expert Services S.A.,+34 996606519,www.expertservicessa.com,Valladolid,Spain,Consulting,Partner
Delta Studios S.A.,+34 921924015,www.deltastudiossa.com,Palma,Spain,Telecommunications,Partner
Alpha Enterprises Group,+34 921954499,www.alphaenterprisesgroup.com,Málaga,Spain,IT Services,Customer
Delta Dynamics Corp.,+34 916673995,www.deltadynamicscorp.com,Gijón,Spain,IT Services,Customer
Info Systems Inc.,+34 988602282,www.infosystemsinc.com,Valencia,Spain,IT Services,Customer
Prime Partners Ltd.,+34 928467169,www.primepartnersltd.com,Bilbao,Spain,IT Services,Prospect
Ultra Enterprises S.A.,+34 924462486,www.ultraenterprisessa.com,Murcia,Spain,Retail,Prospect
Digital Works,+34 923494944,www.digitalworks.com,Barcelona,Spain,Retail,Customer
Innovate Services S.L.,+34 919253647,www.innovateservicessl.com,Madrid,Spain,Manufacturing,Prospect
Pro Solutions Ltd.,+34 942149457,www.prosolutionsltd.com,Murcia,Spain,Retail,Customer
Smart Group Group,+34 992553652,www.smartgroupgroup.com,Las Palmas,Spain,Consulting,Prospect
Cloud Works Inc.,+34 945309205,www.cloudworksinc.com,Vigo,Spain,Healthcare,Customer
Digital Enterprises Inc.,+34 987867760,www.digitalenterprisesinc.com,Madrid,Spain,Technology,Partner
Web Development S.A.,+34 971510517,www.webdevelopmentsa.com,Córdoba,Spain,Software,Prospect
Web Development S.A.,+34 948536738,www.webdevelopmentsa.com,Vigo,Spain,Retail,Prospect
Pro Enterprises Group,+34 942323111,www.proenterprisesgroup.com,Córdoba,Spain,Healthcare,Partner
Elite Studios Inc.,+34 982557864,www.elitestudiosinc.com,Vigo,Spain,Software,Partner
Tech Innovations S.A.,+34 983746874,www.techinnovationssa.com,Barcelona,Spain,Financial Services,Customer
Pro Systems Inc.,+34 939276581,www.prosystemsinc.com,Barcelona,Spain,Telecommunications,Prospect
Web Consulting Corp.,+34 967759516,www.webconsultingcorp.com,Las Palmas,Spain,Financial Services,Customer
Mega Studios Group,+34 923395256,www.megastudiosgroup.com,Gijón,Spain,IT Services,Customer
Prime Services S.A.,+34 922808696,www.primeservicessa.com,Madrid,Spain,Software,Customer
Ultra Services Ltd.,+34 934868407,www.ultraservicesltd.com,Alicante,Spain,Technology,Partner
Master Enterprises Corp.,+34 999877208,www.masterenterprisescorp.com,Gijón,Spain,Financial Services,Prospect
Future Enterprises S.A.,+34 941341679,www.futureenterprisessa.com,Zaragoza,Spain,Manufacturing,Prospect
Tech Services Group,+34 967079525,www.techservicesgroup.com,Bilbao,Spain,Software,Partner
Beta Development Group,+34 925901576,www.betadevelopmentgroup.com,Málaga,Spain,Consulting,Prospect
Info Development Group,+34 977149634,www.infodevelopmentgroup.com,Zaragoza,Spain,Manufacturing,Customer
Info Digital Ltd.,+34 993474461,www.infodigitalltd.com,Barcelona,Spain,Healthcare,Prospect
Software Corporation Corp.,+34 992017232,www.softwarecorporationcorp.com,Córdoba,Spain,Retail,Customer
System Studios,+34 952971330,www.systemstudios.com,Madrid,Spain,Telecommunications,Customer
Software Systems Group,+34 913251792,www.softwaresystemsgroup.com,Madrid,Spain,Retail,Partner
Master Dynamics Ltd.,+34 990066772,www.masterdynamicsltd.com,Murcia,Spain,IT Services,Partner
Cloud Development Corp.,+34 957305814,www.clouddevelopmentcorp.com,Madrid,Spain,Software,Partner
Ultra Consulting,+34 945648107,www.ultraconsulting.com,Barcelona,Spain,Software,Partner
Global Industries S.L.,+34 979937729,www.globalindustriessl.com,Madrid,Spain,Software,Prospect
Net Solutions Group,+34 928206795,www.netsolutionsgroup.com,Bilbao,Spain,Retail,Partner
Net Systems S.A.,+34 932879972,www.netsystemssa.com,Alicante,Spain,Telecommunications,Prospect
Delta Enterprises S.A.,+34 997362630,www.deltaenterprisessa.com,Barcelona,Spain,Telecommunications,Partner
Expert Enterprises Corp.,+34 920811050,www.expertenterprisescorp.com,Valladolid,Spain,Financial Services,Partner
Net Digital Group,+34 951378598,www.netdigitalgroup.com,Valencia,Spain,Software,Partner
Mobile Industries,+34 993044226,www.mobileindustries.com,Alicante,Spain,IT Services,Prospect
Cyber Industries,+34 977526743,www.cyberindustries.com,Alicante,Spain,Healthcare,Customer
Smart Systems Inc.,+34 987585975,www.smartsystemsinc.com,Barcelona,Spain,Telecommunications,Customer
Cloud Works S.L.,+34 972946583,www.cloudworkssl.com,Murcia,Spain,Consulting,Customer
Prime Group S.L.,+34 933769159,www.primegroupsl.com,Alicante,Spain,Manufacturing,Partner
Net Enterprises,+34 924989497,www.netenterprises.com,Sevilla,Spain,IT Services,Customer
Web Partners S.L.,+34 965152359,www.webpartnerssl.com,Valladolid,Spain,Software,Partner
Elite Industries S.L.,+34 962646577,www.eliteindustriessl.com,Las Palmas,Spain,Financial Services,Partner
Net Works S.L.,+34 978354189,www.networkssl.com,Madrid,Spain,Technology,Partner
Smart Corporation,+34 927140511,www.smartcorporation.com,Vigo,Spain,Healthcare,Partner
Future Technologies S.A.,+34 960956922,www.futuretechnologiessa.com,Barcelona,Spain,Technology,Prospect
Net Innovations Inc.,+34 963773730,www.netinnovationsinc.com,Murcia,Spain,IT Services,Prospect
Innovate Consulting Ltd.,+34 981165535,www.innovateconsultingltd.com,Valencia,Spain,Technology,Customer
Smart Studios Group,+34 978919468,www.smartstudiosgroup.com,Valencia,Spain,Retail,Customer
Smart Tech,+34 958996592,www.smarttech.com,Valladolid,Spain,Telecommunications,Customer
Mobile Systems S.A.,+34 976822122,www.mobilesystemssa.com,Las Palmas,Spain,Healthcare,Prospect
Alpha Corporation Group,+34 913429399,www.alphacorporationgroup.com,Murcia,Spain,Consulting,Prospect
Beta Technologies S.L.,+34 933986094,www.betatechnologiessl.com,Sevilla,Spain,Software,Customer
Mobile Group S.A.,+34 939045812,www.mobilegroupsa.com,Córdoba,Spain,Consulting,Customer
Digital Services S.A.,+34 934664510,www.digitalservicessa.com,Valencia,Spain,IT Services,Partner
Digital Development Corp.,+34 940457712,www.digitaldevelopmentcorp.com,Málaga,Spain,Healthcare,Customer
Beta Studios Corp.,+34 913432052,www.betastudioscorp.com,Alicante,Spain,IT Services,Partner
Tech Group Corp.,+34 955970820,www.techgroupcorp.com,Palma,Spain,Consulting,Prospect
Innovate Corporation Inc.,+34 952273602,www.innovatecorporationinc.com,Las Palmas,Spain,IT Services,Partner
Beta Services Corp.,+34 913343265,www.betaservicescorp.com,Vigo,Spain,Healthcare,Prospect
Elite Technologies Group,+34 936068272,www.elitetechnologiesgroup.com,Gijón,Spain,Telecommunications,Customer
Mega Digital,+34 940464801,www.megadigital.com,Murcia,Spain,Software,Prospect
System Enterprises S.A.,+34 988070561,www.systementerprisessa.com,Barcelona,Spain,Healthcare,Partner
Delta Works S.L.,+34 974276598,www.deltaworkssl.com,Córdoba,Spain,IT Services,Prospect
Net Dynamics S.L.,+34 994122824,www.netdynamicssl.com,Valencia,Spain,Retail,Customer
Info Industries S.A.,+34 936699351,www.infoindustriessa.com,Córdoba,Spain,Retail,Partner
Advanced Technologies,+34 966549416,www.advancedtechnologies.com,Vigo,Spain,Financial Services,Prospect
Pro Consulting Ltd.,+34 923237265,www.proconsultingltd.com,Gijón,Spain,Financial Services,Customer
Beta Enterprises Group,+34 997691675,www.betaenterprisesgroup.com,Málaga,Spain,Financial Services,Partner
Digital Corporation,+34 944587765,www.digitalcorporation.com,Palma,Spain,Manufacturing,Partner
Tech Dynamics Corp.,+34 924066048,www.techdynamicscorp.com,Valencia,Spain,Technology,Partner
Smart Development Inc.,+34 927416977,www.smartdevelopmentinc.com,Valencia,Spain,Consulting,Customer
Alpha Labs Inc.,+34 915054287,www.alphalabsinc.com,Las Palmas,Spain,Healthcare,Customer
System Innovations S.A.,+34 930597607,www.systeminnovationssa.com,Palma,Spain,Healthcare,Partner
Pro Services Group,+34 977301822,www.proservicesgroup.com,Valladolid,Spain,Technology,Partner
Alpha Consulting Inc.,+34 987801544,www.alphaconsultinginc.com,Córdoba,Spain,Healthcare,Partner
Master Systems Group,+34 923692288,www.mastersystemsgroup.com,Madrid,Spain,Financial Services,Prospect
Global Innovations S.A.,+34 997447207,www.globalinnovationssa.com,Murcia,Spain,Technology,Customer
Net Development S.A.,+34 936215622,www.netdevelopmentsa.com,Sevilla,Spain,Consulting,Partner
Web Works S.L.,+34 947228944,www.webworkssl.com,Madrid,Spain,Software,Customer
Global Development Ltd.,+34 912827879,www.globaldevelopmentltd.com,Valencia,Spain,Consulting,Customer
Expert Works Group,+34 975055166,www.expertworksgroup.com,Vigo,Spain,IT Services,Partner
Alpha Industries Group,+34 959314151,www.alphaindustriesgroup.com,Alicante,Spain,IT Services,Customer
Alpha Enterprises,+34 980740624,www.alphaenterprises.com,Bilbao,Spain,Healthcare,Prospect
Prime Studios Inc.,+34 910778828,www.primestudiosinc.com,Valencia,Spain,IT Services,Partner
Advanced Solutions,+34 987557859,www.advancedsolutions.com,Palma,Spain,Technology,Customer
System Consulting Group,+34 949209862,www.systemconsultinggroup.com,Bilbao,Spain,Telecommunications,Partner
Global Partners S.L.,+34 974809913,www.globalpartnerssl.com,Málaga,Spain,Consulting,Partner
Delta Technologies Group,+34 995414908,www.deltatechnologiesgroup.com,Palma,Spain,Consulting,Customer
Innovate Solutions S.A.,+34 923682097,www.innovatesolutionssa.com,Murcia,Spain,Retail,Customer
System Studios S.L.,+34 972472850,www.systemstudiossl.com,Vigo,Spain,IT Services,Customer
Net Development Group,+34 915995356,www.netdevelopmentgroup.com,Gijón,Spain,Technology,Customer
Advanced Group S.L.,+34 969868700,www.advancedgroupsl.com,Barcelona,Spain,Manufacturing,Prospect
Global Corporation Group,+34 985152679,www.globalcorporationgroup.com,Madrid,Spain,Financial Services,Partner
Delta Industries,+34 934181357,www.deltaindustries.com,Valencia,Spain,IT Services,Customer
Web Services S.A.,+34 935860939,www.webservicessa.com,Zaragoza,Spain,Retail,Partner
Elite Group Corp.,+34 913403756,www.elitegroupcorp.com,Las Palmas,Spain,Technology,Partner
Advanced Solutions S.L.,+34 916766576,www.advancedsolutionssl.com,Vigo,Spain,Consulting,Customer
Web Labs S.A.,+34 956490540,www.weblabssa.com,Murcia,Spain,Financial Services,Prospect
Advanced Industries S.L.,+34 957931698,www.advancedindustriessl.com,Valladolid,Spain,Healthcare,Partner
Smart Labs S.A.,+34 923587716,www.smartlabssa.com,Palma,Spain,Healthcare,Customer
Beta Innovations Group,+34 954352343,www.betainnovationsgroup.com,Las Palmas,Spain,Consulting,Customer
Alpha Studios Inc.,+34 975360110,www.alphastudiosinc.com,Valladolid,Spain,Manufacturing,Partner
Mega Group Corp.,+34 934741617,www.megagroupcorp.com,Valladolid,Spain,Technology,Partner
Master Group Corp.,+34 933307013,www.mastergroupcorp.com,Bilbao,Spain,IT Services,Partner
Innovate Consulting Group,+34 957352137,www.innovateconsultinggroup.com,Alicante,Spain,IT Services,Partner
Cyber Services Corp.,+34 999867371,www.cyberservicescorp.com,Gijón,Spain,Financial Services,Customer
Beta Enterprises S.A.,+34 949581625,www.betaenterprisessa.com,Madrid,Spain,Healthcare,Customer
Mega Development,+34 924826433,www.megadevelopment.com,Gijón,Spain,Software,Partner
Net Corporation Corp.,+34 968874866,www.netcorporationcorp.com,Barcelona,Spain,Healthcare,Customer
Info Group S.L.,+34 997845854,www.infogroupsl.com,Málaga,Spain,Manufacturing,Prospect
Info Studios S.L.,+34 945326254,www.infostudiossl.com,Alicante,Spain,Financial Services,Prospect
Cloud Enterprises Group,+34 919870969,www.cloudenterprisesgroup.com,Alicante,Spain,Manufacturing,Prospect
Delta Works S.A.,+34 983189672,www.deltaworkssa.com,Málaga,Spain,Technology,Prospect
Data Industries Group,+34 955553380,www.dataindustriesgroup.com,Sevilla,Spain,Financial Services,Prospect
Advanced Solutions Group,+34 962217258,www.advancedsolutionsgroup.com,Córdoba,Spain,Manufacturing,Prospect
Pro Technologies Corp.,+34 973146218,www.protechnologiescorp.com,Vigo,Spain,Software,Prospect
Cloud Technologies Group,+34 949030968,www.cloudtechnologiesgroup.com,Valencia,Spain,Healthcare,Partner
Ultra Studios S.L.,+34 976648946,www.ultrastudiossl.com,Málaga,Spain,Healthcare,Prospect
Cyber Partners Corp.,+34 940765747,www.cyberpartnerscorp.com,Las Palmas,Spain,Retail,Prospect
Pro Partners,+34 917237662,www.propartners.com,Barcelona,Spain,Telecommunications,Customer
Data Digital,+34 937976053,www.datadigital.com,Valladolid,Spain,Technology,Partner
Tech Group Group,+34 922054125,www.techgroupgroup.com,Madrid,Spain,Financial Services,Partner
Delta Industries,+34 983972680,www.deltaindustries.com,Madrid,Spain,Technology,Customer
Cloud Tech,+34 934950959,www.cloudtech.com,Valencia,Spain,Healthcare,Prospect
Beta Tech Ltd.,+34 977534574,www.betatechltd.com,Valladolid,Spain,Technology,Customer
Smart Industries Inc.,+34 923539336,www.smartindustriesinc.com,Valladolid,Spain,Consulting,Prospect
Cloud Development Inc.,+34 927349581,www.clouddevelopmentinc.com,Valladolid,Spain,Telecommunications,Customer
System Digital Group,+34 992210477,www.systemdigitalgroup.com,Sevilla,Spain,Software,Partner
Data Technologies Group,+34 979526827,www.datatechnologiesgroup.com,Palma,Spain,Consulting,Prospect
Tech Solutions,+34 949762916,www.techsolutions.com,Palma,Spain,Financial Services,Partner
Mega Studios,+34 940494171,www.megastudios.com,Vigo,Spain,Telecommunications,Customer
Beta Systems Ltd.,+34 974419152,www.betasystemsltd.com,Gijón,Spain,Financial Services,Prospect
Smart Services Corp.,+34 924592694,www.smartservicescorp.com,Valladolid,Spain,IT Services,Customer
Alpha Solutions Group,+34 933521216,www.alphasolutionsgroup.com,Valencia,Spain,Technology,Prospect
System Studios,+34 983296098,www.systemstudios.com,Alicante,Spain,IT Services,Prospect
Master Enterprises S.A.,+34 949212278,www.masterenterprisessa.com,Córdoba,Spain,Telecommunications,Customer
Alpha Technologies Corp.,+34 924314281,www.alphatechnologiescorp.com,Alicante,Spain,Telecommunications,Customer
Web Studios Ltd.,+34 991688954,www.webstudiosltd.com,Bilbao,Spain,Telecommunications,Partner
Mobile Dynamics S.A.,+34 992787496,www.mobiledynamicssa.com,Murcia,Spain,Healthcare,Partner
Smart Enterprises S.L.,+34 951715629,www.smartenterprisessl.com,Zaragoza,Spain,Healthcare,Prospect
Elite Solutions S.A.,+34 935830229,www.elitesolutionssa.com,Gijón,Spain,Software,Customer
Pro Dynamics Corp.,+34 940584853,www.prodynamicscorp.com,Alicante,Spain,IT Services,Customer
Alpha Innovations Ltd.,+34 925484544,www.alphainnovationsltd.com,Vigo,Spain,Software,Partner
System Studios Ltd.,+34 966955489,www.systemstudiosltd.com,Alicante,Spain,Software,Prospect
Mega Services Group,+34 999674989,www.megaservicesgroup.com,Murcia,Spain,Technology,Partner
Delta Industries Inc.,+34 916101956,www.deltaindustriesinc.com,Bilbao,Spain,Telecommunications,Partner
Delta Labs Inc.,+34 962575572,www.deltalabsinc.com,Bilbao,Spain,Manufacturing,Prospect
Software Development S.L.,+34 931851654,www.softwaredevelopmentsl.com,Zaragoza,Spain,Manufacturing,Partner
Delta Systems S.L.,+34 969403319,www.deltasystemssl.com,Zaragoza,Spain,Technology,Partner
Info Innovations Ltd.,+34 981393334,www.infoinnovationsltd.com,Valencia,Spain,Software,Prospect
Net Technologies S.L.,+34 946130375,www.nettechnologiessl.com,Vigo,Spain,Healthcare,Partner
Delta Corporation Ltd.,+34 920625779,www.deltacorporationltd.com,Córdoba,Spain,Financial Services,Customer
Advanced Labs S.L.,+34 924817668,www.advancedlabssl.com,Alicante,Spain,Manufacturing,Customer
Innovate Dynamics Group,+34 952564877,www.innovatedynamicsgroup.com,Alicante,Spain,Manufacturing,Prospect
Mobile Enterprises S.A.,+34 958243895,www.mobileenterprisessa.com,Sevilla,Spain,Consulting,Partner
Net Digital S.L.,+34 966297359,www.netdigitalsl.com,Vigo,Spain,Consulting,Customer
Digital Technologies Group,+34 938342892,www.digitaltechnologiesgroup.com,Zaragoza,Spain,Healthcare,Partner
Innovate Enterprises S.L.,+34 963970165,www.innovateenterprisessl.com,Vigo,Spain,IT Services,Customer
Advanced Solutions S.A.,+34 984359279,www.advancedsolutionssa.com,Valladolid,Spain,Healthcare,Partner
Global Dynamics S.A.,+34 989503400,www.globaldynamicssa.com,Murcia,Spain,IT Services,Partner
Data Labs,+34 982824154,www.datalabs.com,Valencia,Spain,Software,Partner
Master Innovations,+34 921977193,www.masterinnovations.com,Barcelona,Spain,Manufacturing,Customer
Info Dynamics,+34 973228696,www.infodynamics.com,Málaga,Spain,Manufacturing,Partner
Cyber Systems Ltd.,+34 953861367,www.cybersystemsltd.com,Las Palmas,Spain,IT Services,Customer
Pro Services Inc.,+34 931340968,www.proservicesinc.com,Vigo,Spain,Retail,Partner
Smart Labs Inc.,+34 953374971,www.smartlabsinc.com,Valladolid,Spain,Manufacturing,Prospect
Pro Partners Ltd.,+34 944405635,www.propartnersltd.com,Murcia,Spain,IT Services,Partner
Software Partners Corp.,+34 935093494,www.softwarepartnerscorp.com,Málaga,Spain,IT Services,Partner
Digital Dynamics S.L.,+34 973546641,www.digitaldynamicssl.com,Bilbao,Spain,Telecommunications,Prospect
Tech Industries Ltd.,+34 991243436,www.techindustriesltd.com,Las Palmas,Spain,Healthcare,Partner
Pro Labs Inc.,+34 926492901,www.prolabsinc.com,Murcia,Spain,Healthcare,Customer
Net Industries S.L.,+34 950962630,www.netindustriessl.com,Barcelona,Spain,Healthcare,Prospect
Cyber Development Group,+34 999348189,www.cyberdevelopmentgroup.com,Barcelona,Spain,Financial Services,Customer
Elite Digital S.L.,+34 924734992,www.elitedigitalsl.com,Murcia,Spain,Telecommunications,Customer
Mobile Dynamics Corp.,+34 975416062,www.mobiledynamicscorp.com,Valencia,Spain,Financial Services,Prospect
Data Consulting Inc.,+34 921389184,www.dataconsultinginc.com,Murcia,Spain,Financial Services,Prospect
Prime Dynamics Group,+34 976839554,www.primedynamicsgroup.com,Zaragoza,Spain,Software,Prospect
Web Digital,+34 937590280,www.webdigital.com,Málaga,Spain,Telecommunications,Customer
Alpha Group S.L.,+34 965480112,www.alphagroupsl.com,Córdoba,Spain,Manufacturing,Partner
Data Consulting S.A.,+34 917571045,www.dataconsultingsa.com,Bilbao,Spain,Telecommunications,Partner
Future Dynamics Ltd.,+34 943319699,www.futuredynamicsltd.com,Bilbao,Spain,Manufacturing,Prospect
Elite Consulting S.A.,+34 960673070,www.eliteconsultingsa.com,Palma,Spain,Telecommunications,Customer
Expert Group S.A.,+34 950295501,www.expertgroupsa.com,Gijón,Spain,IT Services,Partner
Delta Innovations Group,+34 952774144,www.deltainnovationsgroup.com,Valladolid,Spain,Retail,Prospect
Web Technologies Inc.,+34 973766047,www.webtechnologiesinc.com,Murcia,Spain,IT Services,Prospect
Mega Partners Inc.,+34 933345586,www.megapartnersinc.com,Madrid,Spain,Technology,Partner
Cyber Development S.L.,+34 990494692,www.cyberdevelopmentsl.com,Barcelona,Spain,Technology,Partner
Beta Dynamics S.A.,+34 917043489,www.betadynamicssa.com,Gijón,Spain,Technology,Partner
Master Works Inc.,+34 958808241,www.masterworksinc.com,Madrid,Spain,Healthcare,Partner
Software Development S.L.,+34 912735622,www.softwaredevelopmentsl.com,Madrid,Spain,Technology,Prospect
Digital Studios S.A.,+34 921010237,www.digitalstudiossa.com,Murcia,Spain,IT Services,Prospect
Cloud Enterprises Ltd.,+34 917149896,www.cloudenterprisesltd.com,Barcelona,Spain,Healthcare,Customer
